u041,view,0.0,1758422907
u016,view,0.0,1759146568
u044,purchase,67.72,1757806795
u003,view,0.0,1758659429
u015,view,0.0,1759465164
u036,view,0.0,1757290813
u027,view,0.0,1758409647
u001,purchase,23.36,1757803890
u022,view,0.0,1758673372
u049,view,0.0,1759187459
u025,view,0.0,1758133809
u039,view,0.0,1759394219
u047,view,0.0,1759052905
u025,view,0.0,1758346785
u041,view,0.0,1758059656
u037,view,0.0,1759284728
u003,view,0.0,1758362682
u006,purchase,104.65,1757982099
u018,view,0.0,1758046246
u011,view,0.0,1758697727
u043,view,0.0,1759276980
u039,view,0.0,1757336118
u047,view,0.0,1757637604
u025,view,0.0,1757240447
u015,view,0.0,1759341843
u015,purchase,97.58,1757893856
u018,view,0.0,1757197538
u046,view,0.0,1757482536
u026,purchase,78.93,1758977217
u017,view,0.0,1757221915
u035,view,0.0,1757779482
u038,view,0.0,1758656566
u009,view,0.0,1759195162
u049,view,0.0,1759116562
u010,view,0.0,1757805796
u039,view,0.0,1757975836
u039,purchase,65.85,1757256066
u001,view,0.0,1759095999
u044,purchase,91.35,1758149664
u008,view,0.0,1758913102
u030,view,0.0,1758471730
u033,purchase,63.38,1759130144
u041,view,0.0,1757447171
u039,view,0.0,1758008155
u049,view,0.0,1757351999
u001,view,0.0,1757527103
u002,view,0.0,1758054012
u020,view,0.0,1758566175
u037,purchase,14.85,1757538072
u005,purchase,66.26,1759048986
u009,view,0.0,1757270420
u011,view,0.0,1757801694
u014,purchase,91.86,1758732775
u046,view,0.0,1758010224
u029,purchase,56.92,1758536672
u015,view,0.0,1759488239
u038,view,0.0,1758652805
u001,view,0.0,1759329529
u015,view,0.0,1759444708
u022,view,0.0,1758578200
u018,view,0.0,1758677889
u035,view,0.0,1757181335
u037,view,0.0,1757592671
u027,view,0.0,1759169906
u043,view,0.0,1757799846
u027,view,0.0,1759349253
u044,view,0.0,1759163669
u004,view,0.0,1758153325
u007,view,0.0,1758778670
u035,view,0.0,1757806964
u012,view,0.0,1758528699
u005,view,0.0,1757268232
u007,view,0.0,1757309073
u001,purchase,111.53,1758585016
u011,view,0.0,1757557500
u014,purchase,108.78,1758885925
u025,view,0.0,1757938916
u017,purchase,95.29,1758380042
u028,view,0.0,1757245402
u043,purchase,22.8,1758331981
u014,purchase,71.61,1757302332
u004,purchase,11.57,1757576668
u033,purchase,66.08,1759337893
u033,view,0.0,1758797057
u005,view,0.0,1758589947
u026,view,0.0,1757187072
u016,view,0.0,1759409775
u040,view,0.0,1757205730
u034,view,0.0,1758482733
u014,view,0.0,1758258681
u016,view,0.0,1759027520
u043,view,0.0,1757658725
u021,purchase,112.61,1759537392
u030,view,0.0,1757215097
u007,view,0.0,1758682430
u033,view,0.0,1758112614
u005,purchase,47.5,1758914825
u029,purchase,85.91,1757357925
u001,view,0.0,1757250293
u020,purchase,16.91,1759013206
u017,view,0.0,1759127522
u048,view,0.0,1758434152
u019,view,0.0,1758138319
u014,view,0.0,1758469235
u033,view,0.0,1759363397
u006,view,0.0,1758415983
u003,view,0.0,1759027766
u041,purchase,23.58,1757723271
u036,purchase,69.5,1759107230
u005,purchase,84.47,1758951285
u035,view,0.0,1758027859
u038,view,0.0,1757773807
u009,view,0.0,1758047004
u003,purchase,29.16,1758529860
u043,view,0.0,1757228142
u027,purchase,91.19,1758583515
u011,purchase,98.24,1757847175
u002,view,0.0,1758183177
u027,purchase,104.37,1758535575
u018,view,0.0,1759123078
u025,purchase,103.74,1758643509
u013,purchase,57.93,1758296400
u015,view,0.0,1758766418
u026,view,0.0,1759285292
u050,view,0.0,1757439861
u026,view,0.0,1757327412
u022,purchase,18.26,1758480848
u012,view,0.0,1758463017
u003,view,0.0,1757753771
u023,purchase,41.07,1757431400
u008,view,0.0,1757158078
u013,view,0.0,1757747506
u001,view,0.0,1757318032
u044,purchase,90.32,1758750038
u024,view,0.0,1758191504
u040,view,0.0,1759053747
u047,purchase,63.32,1757863539
u021,view,0.0,1758336396
u036,view,0.0,1757812984
u043,purchase,82.89,1758846540
u040,view,0.0,1757873261
u036,purchase,39.95,1758694893
u028,purchase,74.77,1758224852
u030,view,0.0,1758680135
u033,view,0.0,1758864726
u043,view,0.0,1757414501
u043,view,0.0,1758170582
u006,purchase,91.38,1758274470
u015,purchase,21.95,1759382629
u016,purchase,75.3,1759271000
u030,view,0.0,1757161925
u013,purchase,49.16,1757900198
u016,view,0.0,1759553207
u049,purchase,106.83,1757793271
u015,view,0.0,1757403991
u030,view,0.0,1758531250
u008,view,0.0,1757627609
u043,view,0.0,1757232161
u039,view,0.0,1757720176
u040,purchase,107.58,1757786583
u036,view,0.0,1758908907
u048,purchase,56.76,1758539465
u041,view,0.0,1757389974
u032,view,0.0,1758424718
u029,view,0.0,1758378033
u016,view,0.0,1758235504
u035,view,0.0,1758943834
u015,view,0.0,1758935552
u046,view,0.0,1757836381
u027,view,0.0,1757622235
u027,view,0.0,1757814254
u025,purchase,72.17,1759494541
u049,view,0.0,1757575865
u001,purchase,39.34,1757940741
u027,view,0.0,1757285819
u039,purchase,61.15,1758431690
u028,view,0.0,1757945478
u022,view,0.0,1757880636
u047,view,0.0,1757616087
u009,purchase,66.42,1757923823
u038,view,0.0,1759462789
u006,view,0.0,1759007299
u030,view,0.0,1758485289
u025,view,0.0,1757669316
u021,view,0.0,1757986293
u018,purchase,100.67,1758518360
u006,view,0.0,1757313976
u004,purchase,45.25,1759288657
u050,purchase,9.63,1759446314
u016,view,0.0,1759490984
u040,view,0.0,1759047054
u031,view,0.0,1757211004
u014,view,0.0,1758501700
u050,view,0.0,1759096078
u050,purchase,115.94,1759123064
u038,view,0.0,1758268020
u037,view,0.0,1758002312
u026,purchase,27.81,1758557879
u007,view,0.0,1758311534
u044,view,0.0,1759068722
u037,purchase,44.93,1757779716
u043,view,0.0,1757454310
u042,view,0.0,1757814609
u032,view,0.0,1758057337
u041,purchase,57.87,1758934772
u028,view,0.0,1757388099
u042,view,0.0,1757319203
u050,view,0.0,1757749532
u047,view,0.0,1758224620
u016,purchase,14.97,1757685663
u016,purchase,70.53,1757986867
u022,view,0.0,1758213255
u012,view,0.0,1758088220
u017,view,0.0,1758417709
u036,view,0.0,1758775115
u006,view,0.0,1757871780
u032,view,0.0,1758568472
u045,view,0.0,1757517810
u029,purchase,15.7,1758647021
u026,view,0.0,1758292142
u043,view,0.0,1757591465
u036,view,0.0,1757791771
u048,view,0.0,1758100863
u045,view,0.0,1758290393
u017,view,0.0,1758768706
u021,view,0.0,1757328887
u049,view,0.0,1758773082
u014,purchase,36.8,1757375977
u039,view,0.0,1759154826
u013,view,0.0,1758062819
u012,view,0.0,1757336139
u009,view,0.0,1759347765
u036,view,0.0,1759046809
u041,purchase,61.45,1759525019
u037,view,0.0,1757568591
u029,view,0.0,1759360974
u017,purchase,59.94,1759302393
u026,view,0.0,1759351611
u010,view,0.0,1757215743
u020,view,0.0,1758535475
u008,view,0.0,1757830903
u039,view,0.0,1758629863
u050,view,0.0,1757686869
u029,view,0.0,1757777821
u020,view,0.0,1759323839
u040,purchase,16.41,1758704938
u041,view,0.0,1759235939
u011,view,0.0,1757261240
u005,view,0.0,1757863017
u029,view,0.0,1757605508
u019,view,0.0,1758368064
u046,view,0.0,1757672118
u005,view,0.0,1758466841
u041,view,0.0,1758746750
u028,view,0.0,1758633544
u042,view,0.0,1758462320
u010,view,0.0,1758880533
u020,view,0.0,1757189036
u019,view,0.0,1757610602
u045,view,0.0,1757888220
u018,view,0.0,1757505336
u029,view,0.0,1759409275
u028,purchase,74.43,1759467978
u006,view,0.0,1757163904
u038,purchase,119.95,1758446052
u037,view,0.0,1758841660
u031,view,0.0,1757721619
u018,view,0.0,1757748229
u041,purchase,116.44,1757605097
u023,view,0.0,1758229848
u043,view,0.0,1758901915
u022,view,0.0,1757498316
u019,view,0.0,1757896845
u049,view,0.0,1757668785
u006,view,0.0,1758220555
u008,purchase,51.48,1757418090
u001,view,0.0,1757300661
u030,view,0.0,1758789685
u034,view,0.0,1757485632
u041,view,0.0,1759359988
u014,view,0.0,1759026954
u019,view,0.0,1757543435
u008,view,0.0,1758572777
u046,view,0.0,1757266077
u001,view,0.0,1759185516
u015,purchase,109.99,1757641011
u008,view,0.0,1758930662
u032,purchase,38.56,1758429636
u027,purchase,117.73,1758554182
u030,view,0.0,1757967587
u013,purchase,63.45,1759003906
u005,view,0.0,1757836069
u022,purchase,63.39,1759565704
u019,purchase,101.31,1757522763
u010,view,0.0,1757544988
u023,view,0.0,1757297153
u025,view,0.0,1758226831
u013,purchase,32.46,1757970167
u015,purchase,52.24,1758241935
u048,view,0.0,1757977464
u025,purchase,96.13,1758938488
u032,purchase,19.52,1758183977
u007,purchase,55.64,1757370465
u030,view,0.0,1758971832
u027,purchase,116.55,1759262611
u031,purchase,35.48,1757909298
u042,view,0.0,1758198360
u044,purchase,48.7,1758248290
u041,purchase,92.33,1757307278
u003,view,0.0,1758591766
u041,view,0.0,1758371109
u015,purchase,54.91,1759163563
u049,view,0.0,1759154906
u029,view,0.0,1758320412
u002,view,0.0,1759341082
u019,view,0.0,1757770032
u010,view,0.0,1757848193
u037,view,0.0,1758821250
u011,view,0.0,1757971956
u040,view,0.0,1757489096
u038,view,0.0,1757642261
u041,view,0.0,1758505546
u043,view,0.0,1757625050
u019,view,0.0,1758913866
u005,view,0.0,1758127056
u038,view,0.0,1757796783
u045,view,0.0,1758309273
u013,purchase,103.13,1759129127
u016,view,0.0,1758070880
u037,view,0.0,1758338176
u002,purchase,80.7,1758425209
u001,view,0.0,1759370757
u039,purchase,100.78,1758376078
u050,purchase,74.81,1758098722
u015,view,0.0,1758525259
u044,purchase,93.26,1759002770
u041,view,0.0,1759411113
u020,purchase,8.84,1758046125
u047,view,0.0,1758338681
u021,purchase,25.2,1759022145
u035,purchase,47.07,1757471784
u018,purchase,34.55,1757555447
u019,purchase,43.95,1759093407
u030,purchase,21.19,1758630167
u044,purchase,117.69,1757238925
u024,view,0.0,1757921498
u001,view,0.0,1759058095
u030,view,0.0,1758476879
u038,view,0.0,1758018390
u007,view,0.0,1757598946
u002,view,0.0,1757221750
u021,purchase,30.46,1759311312
u041,purchase,109.58,1758308986
u042,view,0.0,1758990196
u003,purchase,40.0,1757510246
u008,view,0.0,1757321830
u009,view,0.0,1758020328
u043,purchase,85.1,1757310732
u027,view,0.0,1758928347
u027,view,0.0,1757523993
u040,view,0.0,1758403148
u003,view,0.0,1758665168
u029,view,0.0,1758586135
u024,view,0.0,1758035749
u035,purchase,79.16,1759322498
u026,view,0.0,1759064089
u030,view,0.0,1758686827
u042,view,0.0,1759486884
u004,purchase,33.01,1759048300
u037,view,0.0,1757251948
u014,view,0.0,1758599196
u022,purchase,95.69,1759564570
u018,purchase,21.64,1759031237
u035,view,0.0,1758844570
u008,view,0.0,1759468334
u009,view,0.0,1758578506
u038,view,0.0,1758845622
u017,view,0.0,1757810827
u034,view,0.0,1759309882
u031,view,0.0,1758057962
u033,view,0.0,1757680615
u033,view,0.0,1759394577
u047,purchase,104.7,1757389339
u020,view,0.0,1759445808
u004,purchase,102.44,1757788542
u044,view,0.0,1757716028
u005,purchase,42.04,1758954306
u005,view,0.0,1757276490
u046,view,0.0,1757351147
u019,view,0.0,1757772077
u007,purchase,18.16,1757263996
u047,purchase,54.46,1758618092
u027,view,0.0,1757674351
u026,view,0.0,1759177645
u021,view,0.0,1758507378
u024,purchase,83.98,1757587240
u005,view,0.0,1759218419
u006,view,0.0,1758013469
u009,view,0.0,1757220999
u036,view,0.0,1759063788
u027,view,0.0,1757802538
u047,view,0.0,1758370058
u039,view,0.0,1759141931
u037,view,0.0,1758927478
u043,view,0.0,1759122563
u023,purchase,47.27,1758408064
u037,view,0.0,1757776636
u036,purchase,99.12,1757241328
u002,view,0.0,1758454706
u002,view,0.0,1758280488
u022,view,0.0,1758815593
u010,view,0.0,1757895452
u005,view,0.0,1759447878
u006,purchase,29.74,1757815558
u030,view,0.0,1758024348
u020,purchase,94.34,1757195804
u039,view,0.0,1759355806
u010,view,0.0,1759367744
u044,view,0.0,1757717913
u043,view,0.0,1757722396
u027,view,0.0,1757427527
u008,view,0.0,1759111358
u019,view,0.0,1757535378
u034,view,0.0,1759385969
u015,view,0.0,1759346691
u001,view,0.0,1758690484
u050,view,0.0,1758504737
u019,view,0.0,1759544042
u032,purchase,25.2,1757981758
u035,purchase,62.53,1758090979
u005,view,0.0,1759399035
u028,view,0.0,1759249884
u021,view,0.0,1757171451
u026,purchase,53.03,1759093391
u026,view,0.0,1758214287
u011,purchase,76.08,1758058743
u006,view,0.0,1759132441
u016,view,0.0,1757896855
u034,view,0.0,1758275078
u048,view,0.0,1758179472
u050,view,0.0,1757435341
u041,view,0.0,1757437570
u013,purchase,45.18,1758957007
u016,view,0.0,1758502855
u013,view,0.0,1758935281
u049,purchase,13.67,1757503986
u030,purchase,92.39,1757693618
u044,purchase,69.92,1758220830
u041,view,0.0,1757731965
u005,view,0.0,1758306343
u018,view,0.0,1758100311
u033,view,0.0,1757639775
u029,view,0.0,1758029866
u019,view,0.0,1759197733
u040,view,0.0,1757963827
u030,view,0.0,1759404402
u029,purchase,70.74,1758786930
u021,view,0.0,1757473577
u010,purchase,56.81,1758135981
u046,view,0.0,1758852699
u003,view,0.0,1757740372
u029,view,0.0,1758910634
u024,view,0.0,1758389922
u025,view,0.0,1758157249
u044,view,0.0,1758172842
u005,view,0.0,1757236196
u044,view,0.0,1758519517
u047,purchase,115.91,1758945752
u022,view,0.0,1758983270
u023,view,0.0,1757932473
u009,view,0.0,1759221126
u020,view,0.0,1758198733
u009,view,0.0,1757368610
u006,view,0.0,1757800568
u033,view,0.0,1758055619
u020,view,0.0,1758678074
u022,purchase,60.92,1758626273
u009,view,0.0,1758335822
u007,view,0.0,1757312501
u048,purchase,9.34,1758163971
u050,view,0.0,1757996386
u010,view,0.0,1758882142
u047,view,0.0,1757853198
u024,view,0.0,1758580190
u029,view,0.0,1757693523
u015,view,0.0,1758278461
u031,purchase,27.31,1757183951
u029,view,0.0,1758394627
u050,view,0.0,1757364137
u027,purchase,98.94,1758995978
u017,view,0.0,1757560720
u024,view,0.0,1759146171
u046,purchase,102.88,1758380823
u006,purchase,36.37,1757423306
u010,purchase,15.55,1758645169
u029,purchase,112.0,1757836260
u004,view,0.0,1758007955
u016,view,0.0,1759234185
u024,view,0.0,1758239802
u007,purchase,79.75,1758963888
u009,view,0.0,1757594844
u045,purchase,92.27,1757608873
u029,view,0.0,1759244167
u002,view,0.0,1758949333
u036,purchase,75.02,1757801204
u008,purchase,32.33,1759065394
u004,view,0.0,1757659190
u005,view,0.0,1757480028
u039,view,0.0,1757414821
u037,view,0.0,1758974259
u019,view,0.0,1758096646
u016,view,0.0,1758790812
u043,view,0.0,1757380810
u024,view,0.0,1757370010
u035,view,0.0,1757447340
u036,view,0.0,1757604574
u003,view,0.0,1758010720
u017,purchase,46.07,1759293098
u023,view,0.0,1759141666
u050,view,0.0,1758181779
u009,view,0.0,1757286316
u022,purchase,25.14,1757627694
u045,view,0.0,1758811934
u009,view,0.0,1757656816
u003,view,0.0,1759392727
u013,purchase,41.29,1758275911
u033,view,0.0,1757298828
u031,view,0.0,1758774918
u019,view,0.0,1759375959
u042,view,0.0,1759054377
u024,view,0.0,1757898651
u048,view,0.0,1757954758
u022,purchase,62.06,1757489699
u024,purchase,64.72,1759229966
u047,view,0.0,1757770366
u039,purchase,25.75,1758344318
u021,view,0.0,1758201068
u043,view,0.0,1757706157
u039,purchase,24.16,1757714577
u023,view,0.0,1758097723
u040,purchase,36.57,1759335886
u005,view,0.0,1757872694
u024,view,0.0,1758905431
u002,view,0.0,1757738633
u003,view,0.0,1758586627
u050,view,0.0,1758057494
u025,purchase,8.72,1758932897
u044,view,0.0,1758020526
u024,view,0.0,1759253983
u037,view,0.0,1758037364
u026,view,0.0,1758407554
u016,purchase,7.98,1758796121
u032,view,0.0,1757220637
u008,view,0.0,1758484729
u046,view,0.0,1758378667
u045,purchase,61.49,1759062085
u009,purchase,56.98,1757709532
u006,purchase,116.27,1758236015
u043,view,0.0,1759304089
u036,view,0.0,1758318354
u011,purchase,111.64,1758846273
u024,view,0.0,1759067432
u013,purchase,32.22,1757504385
u002,view,0.0,1757176158
u024,view,0.0,1757262689
u009,view,0.0,1759214850
u005,view,0.0,1757568797
u034,view,0.0,1757859175
u037,view,0.0,1758246753
u042,view,0.0,1757622617
u044,view,0.0,1759038189
u050,view,0.0,1758813255
u050,purchase,54.75,1759344045
u008,view,0.0,1758300873
u011,view,0.0,1758630773
u023,purchase,64.67,1758385079
u006,view,0.0,1757266067
u018,view,0.0,1758306325
u040,view,0.0,1757468519
u042,view,0.0,1758929726
u011,view,0.0,1758160384
u037,view,0.0,1759457456
u006,view,0.0,1757157310
u017,view,0.0,1757176746
u027,view,0.0,1759449435
u032,purchase,67.74,1758309389
u031,view,0.0,1757873188
u020,view,0.0,1759325170
u011,view,0.0,1757545367
u030,view,0.0,1758973873
u021,purchase,41.72,1758127874
u026,view,0.0,1758022305
u033,view,0.0,1758237994
u016,view,0.0,1758454606
u029,view,0.0,1759170406
u004,view,0.0,1757965222
u040,view,0.0,1758906635
u021,purchase,87.93,1758780242
u049,view,0.0,1757417551
u030,view,0.0,1758282351
u032,view,0.0,1757927086
u033,view,0.0,1758566774
u014,view,0.0,1759372376
u004,view,0.0,1757602679
u019,view,0.0,1759125588
u028,view,0.0,1758467184
u047,view,0.0,1757885093
u024,view,0.0,1759361893
u037,view,0.0,1758055929
u036,view,0.0,1757955999
u033,view,0.0,1757270196
u018,purchase,76.67,1759078134
u009,purchase,50.3,1758154237
u036,purchase,91.82,1758741554
u039,view,0.0,1757478985
u003,view,0.0,1759001691
u046,view,0.0,1757589437
u034,view,0.0,1757414276
u009,view,0.0,1758240452
u011,view,0.0,1758321384
u038,view,0.0,1757438568
u035,view,0.0,1757215388
u020,view,0.0,1759506683
u024,view,0.0,1759116749
u027,view,0.0,1759464697
u039,view,0.0,1758622078
u047,view,0.0,1757561315
u011,view,0.0,1757981830
u010,purchase,32.85,1757174930
u045,view,0.0,1759497034
u029,view,0.0,1758941315
u027,view,0.0,1757855216
u033,purchase,110.86,1759315237
u046,view,0.0,1758706809
u036,view,0.0,1757570030
u034,view,0.0,1758850084
u030,purchase,44.37,1758090476
u044,purchase,87.91,1758467648
u040,view,0.0,1758542487
u018,view,0.0,1758633303
u020,purchase,86.06,1757525436
u021,view,0.0,1757225608
u047,view,0.0,1759065286
u037,view,0.0,1757983911
u026,purchase,114.78,1758962098
u019,view,0.0,1759244990
u023,purchase,80.44,1757567059
u014,view,0.0,1757317504
u018,purchase,85.06,1759000699
u007,view,0.0,1758572842
u016,view,0.0,1757349114
u015,view,0.0,1759356300
u007,view,0.0,1757595058
u007,view,0.0,1758999885
u001,purchase,117.46,1758914011
u027,view,0.0,1757581235
u031,view,0.0,1758371670
u021,view,0.0,1759328318
u050,view,0.0,1757168374
u015,view,0.0,1759420023
u012,view,0.0,1758839152
u003,purchase,50.65,1757498673
u012,purchase,115.65,1758362351
u003,view,0.0,1757194259
u039,view,0.0,1758171195
u019,view,0.0,1757297696
u034,view,0.0,1759013588
u033,view,0.0,1758767754
u008,view,0.0,1757651637
u042,view,0.0,1758795488
u001,purchase,95.94,1757195016
u044,purchase,25.18,1757875714
u028,view,0.0,1759212659
u026,view,0.0,1758801435
u009,view,0.0,1758536079
u001,view,0.0,1758588616
u029,purchase,114.71,1758310011
u038,purchase,6.32,1758068393
u045,view,0.0,1759080593
u030,view,0.0,1757876023
u044,view,0.0,1758272127
u045,view,0.0,1758338986
u024,view,0.0,1758657372
u009,view,0.0,1757668145
u048,purchase,47.97,1757272807
u031,purchase,97.23,1758660379
u049,view,0.0,1759233075
u034,view,0.0,1758059028
u005,purchase,17.9,1757279456
u033,view,0.0,1757325548
u010,view,0.0,1757393993
u029,view,0.0,1758714947
u046,view,0.0,1759195027
u033,view,0.0,1759343110
u030,view,0.0,1757834047
u030,view,0.0,1757232698
u030,view,0.0,1758283907
u047,view,0.0,1758509193
u001,purchase,71.51,1759386504
u028,view,0.0,1759309035
u035,purchase,112.48,1759286976
u031,view,0.0,1757861551
u012,purchase,93.07,1757813338
u024,purchase,48.99,1757993129
u025,view,0.0,1757314474
u009,view,0.0,1758117811
u008,view,0.0,1757323038
u026,view,0.0,1758642433
u001,purchase,117.53,1757634484
u044,purchase,53.77,1757985663
u015,view,0.0,1758124564
u010,view,0.0,1759103159
u003,purchase,53.21,1759510840
u016,view,0.0,1759153272
u039,view,0.0,1759372300
u016,purchase,51.26,1758593573
u035,view,0.0,1759339720
u009,view,0.0,1758363205
u015,purchase,89.12,1758238884
u037,view,0.0,1758231497
u016,view,0.0,1758975586
u043,view,0.0,1757841866
u020,view,0.0,1757241418
u038,purchase,109.83,1757784654
u036,view,0.0,1758131883
u042,view,0.0,1757376706
u021,view,0.0,1757864100
u010,view,0.0,1758805219
u049,view,0.0,1758565770
u015,view,0.0,1758971008
u030,purchase,69.67,1757829503
u036,view,0.0,1757947316
u016,view,0.0,1758191240
u042,view,0.0,1757689921
u024,view,0.0,1758777526
u004,view,0.0,1759410589
u005,view,0.0,1757232475
u014,view,0.0,1758179910
u020,purchase,6.76,1758779446
u048,view,0.0,1757567724
u016,view,0.0,1758718673
u026,purchase,68.49,1758389227
u025,view,0.0,1758069620
u020,view,0.0,1757425555
u032,view,0.0,1757607278
u049,purchase,110.15,1758021614
u021,view,0.0,1757217064
u015,purchase,6.87,1757255707
u038,view,0.0,1757825014
u019,view,0.0,1758192908
u015,view,0.0,1758545797
u032,view,0.0,1758160616
u017,purchase,61.19,1757518756
u030,view,0.0,1758099330
u011,view,0.0,1757284082
u032,view,0.0,1757302577
u042,purchase,65.25,1759264699
u043,view,0.0,1759549688
u027,view,0.0,1758605761
u005,purchase,6.05,1757455266
u030,view,0.0,1757549758
u043,view,0.0,1759548729
u035,view,0.0,1759526757
u002,view,0.0,1758424117
u035,purchase,6.97,1757770509
u012,view,0.0,1759172494
u034,view,0.0,1758771442
u040,view,0.0,1758089830
u018,purchase,14.09,1757873461
u030,view,0.0,1758629150
u020,view,0.0,1759238332
u042,purchase,79.74,1759443569
u006,view,0.0,1757994500
u036,view,0.0,1759536827
u045,view,0.0,1757479905
u028,view,0.0,1758187014
u037,purchase,116.99,1757361203
u003,view,0.0,1757199198
u031,view,0.0,1759264625
u044,purchase,108.42,1757212932
u043,view,0.0,1758257419
u002,purchase,72.51,1757905889
u005,view,0.0,1757211051
u016,view,0.0,1757944222
u044,purchase,43.15,1758989468
u045,purchase,62.59,1758125824
u004,view,0.0,1758602781
u005,view,0.0,1757912570
u050,view,0.0,1758430047
u029,view,0.0,1758084083
u036,purchase,54.66,1757982323
u006,purchase,38.97,1758542778
u046,view,0.0,1758452507
u010,view,0.0,1758929379
u048,view,0.0,1758063577
u007,view,0.0,1758283496
u029,view,0.0,1758444981
u007,view,0.0,1758790485
u028,view,0.0,1757249715
u033,view,0.0,1759466313
u006,view,0.0,1759186124
u039,view,0.0,1758215704
u025,view,0.0,1757840818
u025,purchase,88.36,1757229597
u016,view,0.0,1758865181
u044,view,0.0,1758994126
u018,view,0.0,1757508152
u010,view,0.0,1757753299
u018,view,0.0,1757545450
u005,view,0.0,1758542190
u047,view,0.0,1758756275
u030,view,0.0,1758298635
u001,purchase,43.2,1757983090
u022,view,0.0,1757770328
u042,purchase,20.65,1758231496
u039,purchase,28.1,1758258683
u012,purchase,116.4,1758354041
u048,view,0.0,1757517030
u037,purchase,42.48,1758400799
u026,view,0.0,1757211503
u013,view,0.0,1757287929
u012,view,0.0,1757269180
u002,purchase,58.09,1758697134
u029,purchase,100.6,1759286391
u027,view,0.0,1758992704
u041,view,0.0,1758516640
u043,view,0.0,1757801736
u025,view,0.0,1757566407
u038,view,0.0,1757451576
u045,view,0.0,1759422259
u024,purchase,98.41,1759220023
u007,purchase,80.62,1758087449
u011,view,0.0,1759390670
u037,purchase,82.91,1757900345
u049,view,0.0,1757771002
u007,view,0.0,1758491236
u015,view,0.0,1757400468
u036,view,0.0,1757163751
u015,view,0.0,1757935928
u030,purchase,72.69,1757477358
u010,view,0.0,1759473440
u031,view,0.0,1757831736
u006,view,0.0,1758982235
u023,view,0.0,1757666660
u014,view,0.0,1758115586
u031,view,0.0,1757678762
u021,view,0.0,1759389049
u046,view,0.0,1758137490
u042,view,0.0,1758887112
u048,view,0.0,1758844754
u036,view,0.0,1757228287
u028,purchase,31.66,1757877571
u041,view,0.0,1757763960
u026,view,0.0,1758748825
u029,view,0.0,1757945568
u001,purchase,28.67,1759314052
u037,view,0.0,1757324588
u012,view,0.0,1758749874
u030,view,0.0,1757523419
u034,purchase,41.04,1757946392
u040,view,0.0,1759097339
u023,view,0.0,1757656057
u040,view,0.0,1758328889
u040,view,0.0,1759014646
u021,view,0.0,1758295607
u008,view,0.0,1758983563
u033,view,0.0,1758998206
u037,view,0.0,1758797356
u032,view,0.0,1758849864
u036,view,0.0,1758365003
u009,view,0.0,1757684828
u040,view,0.0,1758070544
u001,view,0.0,1758758035
u025,purchase,63.13,1757500409
u027,view,0.0,1757833183
u046,purchase,61.2,1759229718
u037,view,0.0,1758651496
u019,view,0.0,1758633402
u035,view,0.0,1757658319
u037,purchase,93.08,1757270745
u033,view,0.0,1759097446
u018,purchase,99.68,1758037734
u035,purchase,9.79,1757725238
u035,view,0.0,1757793235
u007,purchase,80.17,1758538241
u020,purchase,8.71,1758474137
u023,purchase,15.0,1759084111
u050,purchase,29.14,1758105811
u046,view,0.0,1757780601
u011,view,0.0,1758709838
u014,purchase,70.56,1757343916
u018,view,0.0,1758870238
u021,purchase,38.65,1757174236
u018,purchase,64.16,1759177060
u009,purchase,95.35,1759327800
u018,purchase,19.59,1759019918
u016,view,0.0,1758225492
u016,purchase,82.77,1757523525
u010,view,0.0,1758449382
u041,view,0.0,1757680673
u005,view,0.0,1759185996
u026,view,0.0,1758409500
u045,purchase,47.44,1757529457
u021,view,0.0,1759185799
u047,purchase,78.01,1758073968
u005,purchase,50.74,1757774410
u014,view,0.0,1758222269
u019,view,0.0,1759028712
u037,purchase,95.65,1759373420
u003,view,0.0,1757648838
u002,view,0.0,1758913833
u029,view,0.0,1757782143
u013,purchase,109.58,1758310348
u011,purchase,105.81,1759184967
u042,view,0.0,1759230767
u024,view,0.0,1758882201
u004,view,0.0,1758295065
u047,view,0.0,1758594393
u028,view,0.0,1759177234
u001,view,0.0,1759249565
u009,view,0.0,1757397756
u044,view,0.0,1759542647
u045,view,0.0,1759070657
u028,view,0.0,1757572843
u005,view,0.0,1759201782
u047,purchase,16.87,1758034798
u020,view,0.0,1759018008
u042,purchase,21.43,1757351351
u037,view,0.0,1758888109
u029,view,0.0,1758682844
u041,purchase,110.79,1757720971
u014,view,0.0,1759155082
u009,purchase,72.8,1757965717
u023,purchase,41.17,1758989973
u016,view,0.0,1759223099
u016,view,0.0,1758381419
u050,purchase,8.08,1758311254
u014,view,0.0,1757439371
u013,purchase,38.99,1759347584
u016,view,0.0,1759103582
u016,view,0.0,1759278618
u034,purchase,6.39,1758061908
u021,view,0.0,1757192503
u027,view,0.0,1758851812
u049,view,0.0,1759270314
u002,view,0.0,1759518610
u017,view,0.0,1759322839
u026,view,0.0,1757474912
u050,view,0.0,1757889190
u006,view,0.0,1757321373
u040,view,0.0,1759225832
u020,view,0.0,1758724191
u010,view,0.0,1757937617
u038,view,0.0,1759299157
u020,view,0.0,1758575546
u004,view,0.0,1757754107
u008,view,0.0,1759345657
u020,view,0.0,1758839751
u008,view,0.0,1759000956
u045,view,0.0,1757494357
u023,view,0.0,1758489103
u011,view,0.0,1758449184
u047,purchase,93.71,1759453334
u022,purchase,36.28,1759308565
u017,purchase,71.31,1759253208
u032,view,0.0,1758065994
u004,view,0.0,1757198771
u011,view,0.0,1758506429
u050,view,0.0,1757169301
u044,purchase,31.27,1757442297
u001,view,0.0,1759524924
u016,view,0.0,1758049835
u025,purchase,25.58,1759428138
u036,purchase,87.11,1757817501
u015,view,0.0,1757830557
u047,view,0.0,1759249781
u037,view,0.0,1757470751
u044,purchase,25.62,1757413150
u003,purchase,12.93,1757625717
u019,purchase,40.73,1759214136
u036,view,0.0,1758029104
u013,view,0.0,1758301775
u048,view,0.0,1757630614
u024,view,0.0,1757507159
u050,purchase,89.23,1757284028
u049,purchase,22.32,1757856647
u002,view,0.0,1758123457
u041,purchase,105.88,1758171299
u001,purchase,48.27,1758286670
u007,view,0.0,1758577516
u027,view,0.0,1759325245
u010,purchase,15.7,1758605597
u034,view,0.0,1758014119
u030,purchase,14.76,1759175584
u033,view,0.0,1757922434
u005,view,0.0,1759315230
u028,view,0.0,1759028233
u016,view,0.0,1758255220
u026,purchase,89.57,1758242433
u029,view,0.0,1759263202
u013,view,0.0,1759119398
u010,view,0.0,1757690844
u030,view,0.0,1759070057
u035,view,0.0,1758705574
u029,view,0.0,1758464940
u008,view,0.0,1758300493
u046,view,0.0,1759407308
u014,purchase,42.7,1759193889
u046,view,0.0,1758084370
u026,view,0.0,1758323035
u017,purchase,24.99,1757880320
u029,view,0.0,1757269089
u016,view,0.0,1759149033
u009,view,0.0,1759317804
u050,purchase,20.03,1757896302
u024,view,0.0,1759223977
u038,view,0.0,1759261944
u002,purchase,27.74,1757716578
u009,view,0.0,1758185842
u008,view,0.0,1757642911
u004,view,0.0,1757169419
u028,purchase,50.42,1759452806
u025,view,0.0,1758851658
u023,view,0.0,1758791495
u018,view,0.0,1758953058
u003,view,0.0,1758545567
u042,view,0.0,1757848443
u036,view,0.0,1759208533
u018,view,0.0,1757818065
u013,view,0.0,1757371039
u016,view,0.0,1757296202
u002,purchase,94.92,1758070238
u031,view,0.0,1757543570
u023,purchase,62.78,1757947474
u018,view,0.0,1758238994
u039,view,0.0,1758398146
u004,purchase,59.24,1758077281
u050,view,0.0,1758600188
u011,view,0.0,1758564995
u018,view,0.0,1759341966
u049,purchase,30.23,1757947301
u023,purchase,119.03,1758847862
u012,view,0.0,1758242657
u048,view,0.0,1759458157
u046,purchase,113.97,1757212527
u010,view,0.0,1758786954
u032,view,0.0,1758840125
u032,view,0.0,1759340878
u015,view,0.0,1759492879
u034,view,0.0,1758185070
u040,view,0.0,1759029151
u022,purchase,110.66,1758219234
u004,view,0.0,1758982329
u050,view,0.0,1757369023
u024,purchase,47.96,1757917215
u038,view,0.0,1758310769
u021,view,0.0,1758915844
u047,purchase,96.06,1757532999
u042,view,0.0,1757219360
u045,purchase,75.58,1758079829
u015,view,0.0,1758840985
u025,view,0.0,1758341169
u009,view,0.0,1759568923
u045,purchase,50.03,1757196268
u003,view,0.0,1758241765
u040,view,0.0,1757204374
u007,purchase,21.17,1759250119
u016,view,0.0,1758236305
u011,view,0.0,1759204320
u046,view,0.0,1758168228
u029,view,0.0,1758696984
u016,view,0.0,1758106439
u017,purchase,87.85,1759374518
u025,view,0.0,1757816310
u011,purchase,61.7,1757988028
u023,view,0.0,1759151041
u031,purchase,71.48,1758630301
u011,view,0.0,1759436320
u019,view,0.0,1758481215
u007,view,0.0,1758862991
u025,view,0.0,1759261881
u036,purchase,117.47,1758158996
u039,purchase,107.72,1759446469
u028,purchase,23.97,1757755295
u011,view,0.0,1758187752
u014,purchase,52.07,1757252348
u047,purchase,67.11,1758395670
u020,view,0.0,1759368277
u026,view,0.0,1757517277
u010,view,0.0,1759560460
u028,view,0.0,1757561820
u013,view,0.0,1758708440
u011,view,0.0,1759232799
u031,purchase,40.46,1757909365
u031,view,0.0,1758464954
u006,view,0.0,1757951057
u012,view,0.0,1757976566
u024,view,0.0,1759389327
u017,view,0.0,1758471680
u015,purchase,69.89,1758942576
u049,view,0.0,1759170863
u006,view,0.0,1757305462
u027,purchase,72.82,1757254489
u004,purchase,99.12,1757820593
u035,view,0.0,1757584906
u037,purchase,59.77,1759245302
u026,purchase,87.15,1757470497
u037,purchase,97.05,1758958023
u008,purchase,56.64,1758875324
u014,purchase,19.51,1757800700
u006,purchase,55.07,1758956217
u039,view,0.0,1759295395
u006,view,0.0,1757909836
u036,view,0.0,1758417993
u034,view,0.0,1759524606
u045,view,0.0,1757384680
u027,view,0.0,1758948818
u010,view,0.0,1759156177
u007,view,0.0,1759152879
u019,purchase,106.22,1757853066
u017,view,0.0,1757539773
u037,view,0.0,1759419321
u012,view,0.0,1758973102
u040,view,0.0,1757891528
u003,view,0.0,1758186077
u045,view,0.0,1757583254
u018,purchase,7.33,1758305359
u020,view,0.0,1757514463
u045,view,0.0,1758620341
u009,view,0.0,1757717923
u050,purchase,35.98,1757828392
u039,view,0.0,1758788204
u029,view,0.0,1757868667
u048,view,0.0,1757410100
u024,purchase,64.26,1758909685
u005,view,0.0,1757450810
u026,view,0.0,1757377448
u037,view,0.0,1758767955
u013,purchase,33.69,1757661979
u004,purchase,86.03,1758427319
u024,purchase,63.09,1759056903
u044,view,0.0,1758014225
u032,view,0.0,1758831624
u031,view,0.0,1758109464
u023,view,0.0,1758491565
u048,purchase,15.4,1759461328
u025,view,0.0,1757176239
u050,purchase,103.57,1758632275
u044,view,0.0,1757858866
u033,view,0.0,1759539143
u031,purchase,79.45,1759540964
u015,view,0.0,1758295273
u046,purchase,78.92,1757798889
u025,purchase,57.78,1758661228
u030,view,0.0,1757392750
u040,view,0.0,1759147335
u001,view,0.0,1758006830
u036,view,0.0,1758390831
u020,view,0.0,1757555906
u005,view,0.0,1758416809
u041,view,0.0,1758415124
u017,view,0.0,1758323243
u013,view,0.0,1758568564
u004,purchase,97.27,1757881552
u043,view,0.0,1758989557
u047,view,0.0,1757490331
u019,view,0.0,1757820872
u026,view,0.0,1759428325
u038,purchase,70.78,1758779902
u022,purchase,30.57,1757334041
u041,purchase,109.25,1758072818
u033,view,0.0,1758863488
u043,purchase,25.83,1759167087
u031,view,0.0,1758491599
u047,purchase,92.74,1758808619
u044,purchase,80.26,1758644265
u023,view,0.0,1758288455
u027,purchase,43.1,1758483599
u038,view,0.0,1759082452
u031,view,0.0,1759277763
u031,purchase,62.55,1757975627
u034,view,0.0,1759349711
u010,view,0.0,1758736359
u022,view,0.0,1757188212
u030,view,0.0,1758819992
u050,view,0.0,1758181314
u041,purchase,41.04,1759333137
u001,view,0.0,1758698250
u049,purchase,71.27,1758911938
u032,purchase,94.67,1759033696
u040,view,0.0,1757775389
u026,view,0.0,1757574102
u025,view,0.0,1757337617
u013,purchase,114.26,1758225004
u049,purchase,26.92,1759559167
u041,purchase,31.02,1758132156
u020,view,0.0,1757967736
u033,view,0.0,1758875930
u005,purchase,39.29,1758356643
u030,purchase,73.58,1758159480
u028,purchase,119.48,1758138938
u032,view,0.0,1758786147
u011,purchase,110.59,1757884516
u002,view,0.0,1759026147
u014,purchase,72.81,1758867690
u008,view,0.0,1759419750
u025,purchase,34.42,1757333629
u040,view,0.0,1759375303
u043,view,0.0,1759493661
u004,view,0.0,1757828380
u029,view,0.0,1757280995
u017,view,0.0,1758934202
u014,view,0.0,1759537437
u020,view,0.0,1759152923
u043,view,0.0,1759001158
u027,purchase,17.07,1759082649
u019,view,0.0,1759130761
u032,view,0.0,1758738654
u050,view,0.0,1757382230
u013,view,0.0,1757857821
u019,view,0.0,1757277403
u032,purchase,84.14,1757560413
u022,view,0.0,1759522989
u043,view,0.0,1759113283
u037,view,0.0,1758950906
u006,purchase,13.63,1759151620
u017,view,0.0,1757660710
u019,view,0.0,1759366412
u007,purchase,105.53,1758357736
u024,purchase,40.96,1759090339
u007,purchase,107.38,1759535895
u009,view,0.0,1758861283
u022,view,0.0,1757740556
u040,view,0.0,1759186597
u024,purchase,26.03,1757895481
u026,purchase,36.26,1757958655
u045,purchase,96.99,1758876943
u008,view,0.0,1759330483
u011,view,0.0,1757551978
u037,view,0.0,1758816202
u040,view,0.0,1758072391
u040,view,0.0,1759028455
u031,purchase,17.99,1757851412
u029,view,0.0,1758479180
u042,view,0.0,1757375218
u050,purchase,88.23,1758637003
u043,purchase,64.7,1759176989
u028,view,0.0,1758533856
u031,view,0.0,1757962174
u010,purchase,69.21,1759347597
u001,view,0.0,1758918262
u033,purchase,102.97,1758882709
u005,purchase,41.87,1758188590
u018,view,0.0,1758642365
u036,view,0.0,1757884997
u016,view,0.0,1757713400
u037,view,0.0,1757485787
u029,view,0.0,1757490328
u048,view,0.0,1759145946
u026,view,0.0,1757239687
u036,view,0.0,1759195220
u039,purchase,78.32,1757444340
u036,view,0.0,1757662989
u022,view,0.0,1759348817
u015,purchase,43.18,1757591997
u046,view,0.0,1757678405
u008,view,0.0,1758646389
u001,view,0.0,1758351796
u036,view,0.0,1759130516
u003,purchase,61.63,1757860109
u007,view,0.0,1758754709
u013,view,0.0,1757928536
u014,view,0.0,1758777118
u046,view,0.0,1757838049
u003,purchase,101.31,1759059645
u050,purchase,57.6,1757461706
u009,purchase,5.5,1759372739
u036,purchase,101.46,1757550900
u033,purchase,109.67,1758848121
u047,purchase,16.91,1758226553
u033,purchase,53.15,1758535275
u018,view,0.0,1758138409
u019,view,0.0,1759017061
u009,view,0.0,1757427744
u020,purchase,68.0,1758259826
u046,purchase,68.66,1758664863
u013,view,0.0,1758357685
u044,view,0.0,1759019998
u046,view,0.0,1758830663
u033,view,0.0,1758224298
u046,view,0.0,1758099071
u036,view,0.0,1757183033
u043,purchase,82.54,1757337113
u019,purchase,53.57,1759522900
u034,view,0.0,1757978978
u010,view,0.0,1759339046
u013,view,0.0,1758901452
u019,view,0.0,1758962298
u004,view,0.0,1758338554
u014,purchase,8.72,1757678145
u007,view,0.0,1757219747
u015,purchase,69.55,1758579916
u033,purchase,96.86,1758370020
u045,view,0.0,1757975990
u025,view,0.0,1758265098
u036,view,0.0,1758522262
u013,view,0.0,1757718119
u015,purchase,86.03,1758034045
u049,view,0.0,1758752412
u050,purchase,27.25,1757693997
u012,purchase,13.56,1758847514
u048,view,0.0,1757994379
u003,view,0.0,1757241920
u017,view,0.0,1758506848
u001,view,0.0,1758927161
u003,view,0.0,1758223255
u039,view,0.0,1758313329
u032,purchase,68.27,1759270779
u046,view,0.0,1758653876
u012,view,0.0,1757457751
u011,view,0.0,1757323971
u026,view,0.0,1758648692
u014,view,0.0,1758187870
u024,view,0.0,1757351390
u031,purchase,99.72,1759539538
u008,view,0.0,1757707200
u016,purchase,75.58,1758553778
u003,view,0.0,1758230356
u025,purchase,113.67,1757957983
u017,view,0.0,1758390193
u002,purchase,99.54,1758003775
u033,purchase,56.24,1759392536
u019,purchase,27.14,1757421033
u006,purchase,24.25,1757320034
u035,view,0.0,1759301855
u014,view,0.0,1758682342
u044,view,0.0,1759140563
u014,view,0.0,1757750944
u042,purchase,13.29,1758931570
u002,view,0.0,1758185148
u003,view,0.0,1759348847
u012,purchase,69.18,1757164897
u015,purchase,51.88,1757684305
u041,view,0.0,1758249368
u002,view,0.0,1759080253
u035,view,0.0,1759311226
u049,purchase,10.23,1759272001
u023,purchase,17.21,1758312507
u039,view,0.0,1757740717
u025,view,0.0,1759447199
u031,view,0.0,1758654280
u009,purchase,96.63,1757287529
u019,purchase,21.57,1758011441
u001,view,0.0,1757248332
u010,view,0.0,1759555367
u037,view,0.0,1757323485
u036,purchase,40.04,1758134245
u014,view,0.0,1757426662
u010,view,0.0,1758650412
u040,purchase,27.35,1758815793
u043,purchase,103.01,1757274415
u030,view,0.0,1759269673
u019,view,0.0,1758525003
u007,view,0.0,1757533039
u022,view,0.0,1758592761
u007,view,0.0,1759283664
u013,view,0.0,1757686317
u022,view,0.0,1758294368
u045,view,0.0,1757204366
u037,view,0.0,1758249666
u028,view,0.0,1758262745
u016,purchase,86.9,1757747227
u018,purchase,20.45,1758185788
u031,view,0.0,1758071792
u050,view,0.0,1757262584
u007,view,0.0,1759232641
u018,purchase,21.1,1757317336
u013,view,0.0,1759255757
u047,view,0.0,1759498322
u033,view,0.0,1757877206
u050,view,0.0,1759422716
u036,view,0.0,1757312894
u031,view,0.0,1758953052
u024,view,0.0,1758355925
u009,view,0.0,1757435640
u006,view,0.0,1757470221
u001,view,0.0,1758880865
u049,view,0.0,1757704879
u011,view,0.0,1757203274
u043,purchase,21.81,1757548503
u023,view,0.0,1757531144
u015,view,0.0,1758026940
u015,view,0.0,1758709190
u034,purchase,46.54,1757606507
u030,purchase,9.59,1758217211
u007,purchase,64.96,1758429341
u048,view,0.0,1757293294
u037,view,0.0,1757988842
u024,view,0.0,1759249989
u034,view,0.0,1758641556
u034,view,0.0,1758129293
u032,purchase,107.02,1759548791
u033,purchase,55.59,1758611812
u005,view,0.0,1758398663
u014,view,0.0,1758916459
u024,view,0.0,1759080151
u043,view,0.0,1758191400
u047,view,0.0,1757568169
u031,view,0.0,1758900148
u042,purchase,7.58,1759395503
u009,view,0.0,1758900639
u009,view,0.0,1759412085
u037,view,0.0,1758878777
u017,purchase,64.41,1757875856
u039,purchase,78.33,1758387569
u006,view,0.0,1757599212
u031,view,0.0,1757853582
u039,view,0.0,1758813586
u040,view,0.0,1758466983
u011,purchase,44.41,1757674472
u039,view,0.0,1758612555
u025,view,0.0,1759121087
u002,view,0.0,1757461026
u044,view,0.0,1758949158
u039,view,0.0,1757580523
u040,view,0.0,1757347485
u033,purchase,15.72,1759029825
u039,view,0.0,1759571429
u050,view,0.0,1757766635
u034,view,0.0,1759394270
u045,view,0.0,1758613928
u031,purchase,48.84,1757160038
u007,view,0.0,1758508938
u031,purchase,109.66,1759224907
u019,view,0.0,1757295890
u027,view,0.0,1759553523
u046,purchase,5.82,1757384769
u008,view,0.0,1758003474
u042,view,0.0,1758251476
u027,view,0.0,1758927275
u028,view,0.0,1758512651
u017,purchase,53.71,1758042841
u040,view,0.0,1757909420
u049,view,0.0,1757260768
u036,view,0.0,1758023678
u036,view,0.0,1758512043
u020,view,0.0,1757906586
u048,view,0.0,1759076982
u048,view,0.0,1758897846
u007,view,0.0,1757896389
u022,purchase,75.61,1759358138
u011,view,0.0,1759554273
u006,purchase,59.24,1757750358
u006,view,0.0,1758646292
u024,view,0.0,1759418106
u047,view,0.0,1757896037
u040,view,0.0,1758374924
u046,purchase,11.61,1758841323
u041,view,0.0,1759531541
u013,purchase,112.04,1757403171
u019,view,0.0,1757435071
u034,view,0.0,1758865601
u044,view,0.0,1758572948
u042,view,0.0,1758916092
u006,purchase,94.66,1758095339
u043,view,0.0,1758736301
u034,view,0.0,1759288662
u006,view,0.0,1757231370
u038,view,0.0,1758416706
u015,view,0.0,1758760566
u030,purchase,71.11,1758481299
u012,view,0.0,1759129917
u036,view,0.0,1758342282
u022,purchase,97.34,1758495619
u035,purchase,71.11,1757719357
u025,view,0.0,1758556102
u049,view,0.0,1757651914
u044,view,0.0,1759461746
u031,view,0.0,1759293120
u025,view,0.0,1758652113
u044,purchase,97.02,1757846624
u023,view,0.0,1759535681
u045,purchase,33.55,1759186354
u026,view,0.0,1758142041
u005,view,0.0,1758827840
u031,view,0.0,1758659731
u037,view,0.0,1758778843
u032,purchase,32.01,1758561205
u017,view,0.0,1758725999
u016,purchase,45.94,1759128976
u008,purchase,82.72,1757510077
u040,view,0.0,1757305357
u003,purchase,47.69,1758253509
u032,purchase,106.31,1757166755
u018,view,0.0,1757432614
u018,view,0.0,1757157754
u009,view,0.0,1757801535
u031,purchase,8.74,1758119828
u026,purchase,94.23,1757658844
u008,view,0.0,1757646788
u021,view,0.0,1759526887
u044,view,0.0,1759153896
u021,view,0.0,1758487200
u012,view,0.0,1758581830
u018,view,0.0,1758137413
u024,view,0.0,1757798318
u014,view,0.0,1758014884
u024,purchase,37.16,1758821953
u037,view,0.0,1757160994
u044,view,0.0,1759157579
u047,view,0.0,1758587425
u036,view,0.0,1757978923
u013,view,0.0,1758949213
u031,purchase,25.31,1757480998
u009,purchase,102.68,1757407979
u035,purchase,95.31,1758318029
u017,view,0.0,1757194793
u004,view,0.0,1758891358
u004,view,0.0,1758509895
u031,purchase,16.07,1758172812
u017,view,0.0,1757226185
u036,purchase,34.64,1759493268
u027,view,0.0,1758741973
u037,view,0.0,1757318090
u012,purchase,37.73,1758212936
u044,view,0.0,1757701903
u006,view,0.0,1758374697
u030,view,0.0,1758968926
u011,view,0.0,1758161354
u027,view,0.0,1757178842
u026,purchase,13.2,1758896988
u022,view,0.0,1758247380
u042,view,0.0,1758454603
u039,view,0.0,1758438767
u029,purchase,112.96,1757391501
u029,view,0.0,1758805189
u002,view,0.0,1758592366
u043,view,0.0,1759240648
u014,view,0.0,1759144411
u007,view,0.0,1757591778
u036,view,0.0,1757911272
u034,purchase,14.57,1758475659
u040,view,0.0,1757941330
u020,view,0.0,1758384546
u029,view,0.0,1759025847
u034,purchase,8.29,1758079763
u021,purchase,58.73,1757309089
u018,view,0.0,1759009751
u045,view,0.0,1757661582
u041,purchase,105.89,1757752036
u034,view,0.0,1757337611
u020,purchase,60.39,1758623818
u006,view,0.0,1758042257
u027,view,0.0,1758303186
u001,view,0.0,1759004778
u023,view,0.0,1757332096
u001,view,0.0,1757513153
u049,view,0.0,1759538159
u050,view,0.0,1758347857
u039,view,0.0,1759546189
u036,view,0.0,1757849518
u036,view,0.0,1758528323
u011,purchase,79.29,1757989515
u015,view,0.0,1757805463
u041,view,0.0,1758436179
u019,view,0.0,1757345328
u018,view,0.0,1759289305
u012,view,0.0,1759113595
u041,view,0.0,1757677420
u018,purchase,61.58,1758231586
u002,view,0.0,1757332634
u002,view,0.0,1759147497
u019,view,0.0,1757737611
u047,view,0.0,1759198150
u010,view,0.0,1758665511
u022,view,0.0,1757486040
u024,view,0.0,1759443348
u022,view,0.0,1758963727
u004,view,0.0,1757930527
u005,view,0.0,1758814762
u013,purchase,33.76,1757976012
u001,view,0.0,1758532240
u025,purchase,55.94,1759435911
u013,view,0.0,1759182365
u034,view,0.0,1758702173
u031,view,0.0,1758267382
u021,view,0.0,1759399523
u048,purchase,64.91,1758513993
u031,view,0.0,1758742956
u024,purchase,104.32,1758662993
u008,view,0.0,1757755458
u021,view,0.0,1758418416
u038,view,0.0,1758556873
u001,purchase,71.82,1757583034
u045,view,0.0,1758018705
u050,view,0.0,1758915028
u032,view,0.0,1758157018
u049,view,0.0,1759325748
u023,view,0.0,1757326835
u007,view,0.0,1758600555
u021,purchase,95.68,1758119707
u029,purchase,7.46,1757991986
u023,purchase,33.83,1759410837
u032,purchase,69.29,1757300072
u045,view,0.0,1757199544
u012,view,0.0,1758218848
u047,view,0.0,1757250637
u011,view,0.0,1758926240
u029,view,0.0,1758471897
u035,view,0.0,1759573444
u050,view,0.0,1757986640
u047,view,0.0,1759497947
u040,purchase,94.24,1758574920
u021,purchase,80.7,1757315916
u025,view,0.0,1757489591
u050,view,0.0,1758388934
u021,view,0.0,1758225797
u008,view,0.0,1759296788
u003,purchase,19.92,1759445292
u013,view,0.0,1758772765
u007,view,0.0,1757946562
u043,view,0.0,1758502979
u004,view,0.0,1759279197
u001,purchase,29.0,1757515359
u006,view,0.0,1759321868
u024,view,0.0,1757831829
u024,purchase,11.7,1758461552
u034,view,0.0,1759281234
u020,view,0.0,1758670913
u034,view,0.0,1758607504
u035,view,0.0,1758766462
u034,view,0.0,1757185594
u041,purchase,69.22,1757235448
u027,purchase,93.12,1757158180
u023,view,0.0,1757785181
u007,view,0.0,1758819826
u036,view,0.0,1758160832
u043,view,0.0,1757718336
u023,purchase,68.26,1758214765
u024,view,0.0,1757770446
u047,view,0.0,1758566800
u037,view,0.0,1758003335
u050,view,0.0,1758510736
u024,purchase,56.46,1757910945
u001,purchase,118.04,1759508086
u034,view,0.0,1758310448
u001,view,0.0,1758645803
u014,purchase,7.5,1758419015
u036,view,0.0,1757182908
u037,view,0.0,1759418186
u030,view,0.0,1758995937
u017,view,0.0,1758528488
u015,view,0.0,1758316904
u006,view,0.0,1757189632
u014,purchase,88.21,1757552573
u012,view,0.0,1757159569
u007,view,0.0,1758316523
u003,purchase,71.27,1759247305
u050,view,0.0,1758173932
u023,purchase,54.95,1759070880
u050,view,0.0,1759528504
u041,purchase,48.99,1758298109
u034,view,0.0,1757311834
u037,view,0.0,1757469238
u045,view,0.0,1759364568
u044,purchase,50.18,1757707414
u049,view,0.0,1757459475
u006,view,0.0,1758361025
u026,view,0.0,1758166472
u006,view,0.0,1759369638
u036,view,0.0,1759219616
u026,view,0.0,1759029630
u049,view,0.0,1757230605
u013,view,0.0,1757180129
u013,view,0.0,1757377609
u016,view,0.0,1758459700
u050,view,0.0,1757160468
u006,view,0.0,1757841775
u028,view,0.0,1758777492
u021,view,0.0,1759474933
u050,view,0.0,1758109647
u040,purchase,97.32,1758964856
u029,view,0.0,1758597137
u013,view,0.0,1758922189
u049,purchase,14.87,1759347714
u016,purchase,111.57,1758369825
u001,view,0.0,1759109730
u020,view,0.0,1759481051
u022,view,0.0,1757319905
u014,view,0.0,1757381727
u049,view,0.0,1757550504
u040,purchase,21.25,1759499336
u025,view,0.0,1757366908
u003,view,0.0,1759324344
u019,view,0.0,1758438627
u004,view,0.0,1759541507
u005,view,0.0,1758438505
u043,purchase,80.91,1759123934
u002,view,0.0,1757955268
u015,purchase,63.48,1759158695
u021,view,0.0,1757346937
u006,view,0.0,1757476582
u030,view,0.0,1759486334
u003,view,0.0,1757355935
u020,view,0.0,1757926425
u048,view,0.0,1758121963
u044,view,0.0,1758308415
u016,purchase,117.54,1758419346
u004,view,0.0,1757952552
u002,purchase,114.15,1758630301
u010,view,0.0,1757928745
u043,view,0.0,1757973371
u034,purchase,75.43,1758622561
u027,view,0.0,1758935787
u028,purchase,109.62,1758195343
u029,view,0.0,1758709261
u042,view,0.0,1757305861
u044,purchase,104.2,1758280430
u045,purchase,65.24,1759009173
u028,purchase,117.21,1758967650
u042,purchase,110.47,1758244788
u005,view,0.0,1759079911
u012,view,0.0,1758966097
u047,view,0.0,1758239791
u027,purchase,39.89,1758428079
u010,purchase,17.28,1758801581
u002,purchase,75.38,1758457161
u039,view,0.0,1758607951
u039,view,0.0,1759467057
u023,view,0.0,1757577449
u009,view,0.0,1757610327
u046,view,0.0,1758804810
u025,view,0.0,1758999693
u011,view,0.0,1759441283
u027,purchase,6.73,1758444594
u027,view,0.0,1758725718
u049,view,0.0,1758833744
u029,purchase,61.34,1758213752
u030,purchase,54.17,1759401031
u039,purchase,48.74,1758264076
u026,view,0.0,1757177597
u039,view,0.0,1759414933
u034,view,0.0,1757660084
u003,purchase,33.26,1757320477
u026,purchase,9.51,1757951599
u034,purchase,115.7,1758780173
u019,view,0.0,1758299071
u050,purchase,58.05,1757804529
u019,view,0.0,1759347678
u045,view,0.0,1758979867
u030,purchase,56.95,1757476553
u008,view,0.0,1757284666
u009,view,0.0,1758219770
u029,view,0.0,1757673589
u038,purchase,108.02,1757669384
u006,view,0.0,1758888623
u046,purchase,15.49,1757691550
u041,view,0.0,1757379414
u046,view,0.0,1757430379
u040,purchase,48.55,1757980082
u003,purchase,109.91,1757204620
u043,purchase,23.64,1758969936
u012,purchase,10.9,1758284357
u020,purchase,115.51,1758365230
u041,view,0.0,1759024615
u013,view,0.0,1758514839
u001,view,0.0,1757485006
u035,purchase,74.92,1757506714
u016,view,0.0,1757581183
u030,view,0.0,1759243415
u039,view,0.0,1758550062
u036,view,0.0,1757237935
u014,view,0.0,1758954632
u004,view,0.0,1759422444
u010,purchase,81.7,1758324709
u022,purchase,10.64,1757827619
u012,view,0.0,1758383685
u040,view,0.0,1757176136
u036,view,0.0,1757666638
u048,view,0.0,1759426139
u006,purchase,42.12,1757987077
u005,purchase,101.98,1759304145
u019,view,0.0,1759064661
u045,purchase,42.86,1757841037
u034,view,0.0,1758699640
u040,view,0.0,1757179976
u047,purchase,65.83,1759208750
u031,purchase,74.55,1758371913
u028,view,0.0,1758249014
u017,view,0.0,1758092295
u009,view,0.0,1757494424
u034,purchase,62.24,1758821878
u040,view,0.0,1758358068
u013,view,0.0,1759475856
u030,view,0.0,1759081847
u048,purchase,96.95,1757837370
u027,view,0.0,1758109925
u036,purchase,29.42,1758732623
u045,view,0.0,1759291938
u020,view,0.0,1757269623
u021,purchase,18.09,1758178574
u022,view,0.0,1757190234
u040,purchase,100.68,1758762703
u022,purchase,111.06,1757566938
u031,purchase,79.25,1757556925
u010,view,0.0,1757324258
u022,view,0.0,1757840219
u048,view,0.0,1757390924
u020,view,0.0,1758253149
u036,view,0.0,1758702947
u037,view,0.0,1758093376
u005,purchase,37.25,1759445714
u022,purchase,77.05,1758880337
u037,view,0.0,1758790539
u039,view,0.0,1758283438
u046,purchase,86.63,1758437721
u027,view,0.0,1758579720
u024,view,0.0,1758307147
u014,view,0.0,1758842407
u008,view,0.0,1759419617
u050,view,0.0,1759188054
u029,view,0.0,1757552027
u033,view,0.0,1758149914
u031,purchase,65.22,1758203509
u010,purchase,16.3,1757411588
u044,purchase,28.6,1759423151
u030,view,0.0,1757385590
u008,view,0.0,1759391788
u044,purchase,105.27,1758178545
u030,purchase,16.86,1758265824
u002,view,0.0,1758267241
u041,purchase,41.9,1758768869
u019,view,0.0,1758237852
u050,view,0.0,1759083000
u018,view,0.0,1758428747
u008,view,0.0,1757229223
u033,view,0.0,1757300933
u023,view,0.0,1758439589
u010,purchase,97.46,1757168585
u016,view,0.0,1758270451
u040,purchase,67.17,1759363702
u009,view,0.0,1759364836
u007,view,0.0,1759215252
u028,view,0.0,1757706491
u040,view,0.0,1758182562
u013,purchase,82.15,1757338866
u006,purchase,91.91,1757623196
u037,view,0.0,1757612372
u007,view,0.0,1757624449
u031,view,0.0,1758637802
u010,purchase,75.95,1758052046
u026,view,0.0,1758190968
u021,view,0.0,1759449527
u005,view,0.0,1758102414
u031,view,0.0,1758860070
u019,purchase,74.51,1759042134
u033,view,0.0,1759127751
u021,view,0.0,1759278987
u020,view,0.0,1757895317
u038,view,0.0,1758554349
u036,view,0.0,1757553238
u025,view,0.0,1758703049
u045,view,0.0,1757750458
u037,purchase,67.62,1758585960
u012,view,0.0,1759249751
u048,purchase,71.03,1757535388
u008,view,0.0,1757634885
u021,view,0.0,1757709091
u012,view,0.0,1757874441
u005,view,0.0,1757987196
u021,view,0.0,1759318588
u006,view,0.0,1758993804
u038,purchase,78.16,1759575690
u049,view,0.0,1758950604
u029,view,0.0,1757940758
u040,view,0.0,1758755778
u014,view,0.0,1758248556
u020,view,0.0,1758299088
u028,purchase,110.24,1759201965
u038,view,0.0,1757435591
u026,purchase,103.04,1759314695
u024,purchase,116.31,1759572926
u046,view,0.0,1758069682
u008,purchase,104.55,1758589791
u028,purchase,50.34,1758242141
u046,view,0.0,1757976064
u028,view,0.0,1758849129
u031,view,0.0,1757246857
u025,purchase,46.43,1757826451
u010,view,0.0,1759049872
u009,view,0.0,1759510580
u010,purchase,60.97,1757744664
u009,view,0.0,1757832239
u030,purchase,84.97,1757790931
u040,view,0.0,1757439822
u028,view,0.0,1757688835
u025,view,0.0,1758797199
u028,view,0.0,1757487042
u047,view,0.0,1757472060
u018,view,0.0,1757285676
u037,view,0.0,1759417646
u037,view,0.0,1758030533
u008,view,0.0,1759240654
u010,purchase,65.54,1758404490
u030,view,0.0,1757381346
u040,view,0.0,1757594858
u041,purchase,115.45,1759248964
u044,view,0.0,1758265745
u040,view,0.0,1758135526
u035,purchase,58.92,1757426199
u031,view,0.0,1758185993
u027,view,0.0,1758340746
u019,view,0.0,1758301098
u047,purchase,34.95,1757591884
u038,view,0.0,1759359954
u043,purchase,98.02,1759461967
u019,view,0.0,1759044536
u033,view,0.0,1758411081
u017,view,0.0,1758397982
u018,purchase,6.63,1759108591
u039,view,0.0,1758942555
u043,view,0.0,1758840785
u017,purchase,32.16,1758818095
u034,purchase,44.43,1759222458
u010,view,0.0,1758929910
u032,purchase,52.49,1757969345
u016,view,0.0,1758874827
u014,view,0.0,1758129111
u004,view,0.0,1759089948
u004,view,0.0,1757904007
u031,view,0.0,1757342909
u015,view,0.0,1757940389
u031,view,0.0,1757351628
u028,view,0.0,1757693973
u025,view,0.0,1757352419
u044,purchase,16.2,1757348058
u041,view,0.0,1757765422
u040,purchase,103.71,1758171508
u018,view,0.0,1759164261
u017,view,0.0,1757935846
u030,purchase,91.15,1758758886
u034,view,0.0,1758821838
u021,view,0.0,1759540912
u005,view,0.0,1759166685
u034,view,0.0,1757706046
u023,view,0.0,1758388230
u017,view,0.0,1759477057
u040,view,0.0,1758667035
u039,view,0.0,1759073243
u006,purchase,19.94,1757202199
u012,purchase,85.0,1758513896
u019,view,0.0,1759258895
u041,view,0.0,1758417227
u050,view,0.0,1758220008
u017,view,0.0,1759266097
u018,purchase,49.02,1758181208
u004,view,0.0,1758466379
u012,view,0.0,1757514033
u013,view,0.0,1758828023
u042,view,0.0,1758973018
u035,purchase,30.11,1759130820
u029,purchase,16.88,1759270617
u005,view,0.0,1758525386
u050,view,0.0,1757488953
u010,view,0.0,1759572824
u003,view,0.0,1758458948
u010,purchase,109.03,1757166248
u001,view,0.0,1757518405
u031,view,0.0,1759282444
u035,view,0.0,1757964073
u045,purchase,60.44,1757197270
u035,purchase,46.28,1758306310
u026,view,0.0,1759196179
u024,view,0.0,1758150137
u006,purchase,92.45,1758360289
u042,view,0.0,1757250825
u003,purchase,80.98,1758322910
u045,view,0.0,1759128646
u041,view,0.0,1757535920
u006,purchase,55.37,1758781792
u009,view,0.0,1759470077
u047,purchase,32.43,1757945854
u005,purchase,78.99,1757480636
u035,purchase,98.35,1759507600
u003,view,0.0,1758159969
u047,view,0.0,1759080751
u014,purchase,81.74,1757653919
u044,purchase,66.7,1758599251
u005,view,0.0,1758982590
u032,view,0.0,1757600025
u040,view,0.0,1759028949
u001,view,0.0,1759366924
u020,purchase,16.19,1758860540
u038,view,0.0,1759130478
u008,view,0.0,1758651315
u005,purchase,54.01,1757890317
u021,view,0.0,1757160683
u035,view,0.0,1758682104
u049,view,0.0,1758848971
u022,view,0.0,1758427671
